[{
  "_id": {
    "$oid": "65e814c58f0b2645b87add1f"
  },
  "players": [
    {
      "name": "Moustafa Zeghba1",
      "position": "G",
      "age": 33,
      "height": "6' 3\"",
      "weight": "185 lbs",
      "nationality": "Algeria",
      "appearances": 0,
      "substitutions": 0,
      "saves": 0
    },
    {
      "name": "Anthony Mandrea16",
      "position": "G",
      "age": 27,
      "height": "6' 1\"",
      "weight": "172 lbs",
      "nationality": "Algeria",
      "appearances": 3,
      "substitutions": 0,
      "saves": 7
    },
    {
      "name": "Raïs M'Bolhi23",
      "position": "G",
      "age": 37,
      "height": "6' 3\"",
      "weight": "192 lbs",
      "nationality": "Algeria",
      "appearances": 0,
      "substitutions": 0,
      "saves": 0
    },
    {
      "name": "Oussama Benbot26",
      "position": "G",
      "age": 29,
      "height": "6' 2\"",
      "weight": "196 lbs",
      "nationality": "Algeria",
      "appearances": "--",
      "substitutions": "--",
      "saves": "--"
    },
    {
      "name": "Aïssa Mandi2",
      "position": "D",
      "age": 32,
      "height": "6' 0\"",
      "weight": "172 lbs",
      "nationality": "Algeria",
      "appearances": 3,
      "substitutions": 0,
      "goals": 0
    },
    {
      "name": "Kevin Guiton3",
      "position": "D",
      "age": 27,
      "height": "6' 3\"",
      "weight": "168 lbs",
      "nationality": "Algeria",
      "appearances": 2,
      "substitutions": 2,
      "goals": 0
    },
    {
      "name": "Mohamed Amine Tougai4",
      "position": "D",
      "age": 24,
      "height": "6' 3\"",
      "weight": "172 lbs",
      "nationality": "Algeria",
      "appearances": 1,
      "substitutions": 0,
      "goals": 0
    },
    {
      "name": "Ahmed Touba5",
      "position": "D",
      "age": 25,
      "height": "6' 3\"",
      "weight": "179 lbs",
      "nationality": "Algeria",
      "appearances": 0,
      "substitutions": 0,
      "goals": 0
    },
    {
      "name": "Rayan Aït-Nouri15",
      "position": "D",
      "age": 22,
      "height": "5' 11\"",
      "weight": "152 lbs",
      "nationality": "Algeria",
      "appearances": 3,
      "substitutions": 0,
      "goals": 0
    },
    {
      "name": "Youcef Atal20",
      "position": "D",
      "age": 27,
      "height": "5' 9\"",
      "weight": "139 lbs",
      "nationality": "Algeria",
      "appearances": 3,
      "substitutions": 0,
      "goals": 0
    },
    {
      "name": "Ramy Bensebaini21",
      "position": "D",
      "age": 28,
      "height": "6' 1\"",
      "weight": "181 lbs",
      "nationality": "Algeria",
      "appearances": 2,
      "substitutions": 0,
      "goals": 0
    },
    {
      "name": "Zineddine Belaïd24",
      "position": "D",
      "age": 24,
      "height": "6' 2\"",
      "weight": "174 lbs",
      "nationality": "Algeria",
      "appearances": 0,
      "substitutions": 0,
      "goals": 0
    },
    {
      "name": "Yasser Larouci25",
      "position": "D",
      "age": 23,
      "height": "5' 9\"",
      "weight": "150 lbs",
      "nationality": "Algeria",
      "appearances": 0,
      "substitutions": 0,
      "goals": 0
    },
    {
      "name": "Ramiz Zerrouki6",
      "position": "M",
      "age": 25,
      "height": "6' 0\"",
      "weight": "168 lbs",
      "nationality": "Algeria",
      "appearances": 3,
      "substitutions": 1,
      "goals": 0
    },
    {
      "name": "Youcef Belaïli8",
      "position": "M",
      "age": 31,
      "height": "6' 0\"",
      "weight": "163 lbs",
      "nationality": "Algeria",
      "appearances": 3,
      "substitutions": 1,
      "goals": 0
    },
    {
      "name": "Sofiane Feghouli10",
      "position": "M",
      "age": 34,
      "height": "5' 10\"",
      "weight": "163 lbs",
      "nationality": "Algeria",
      "appearances": 1,
      "substitutions": 0,
      "goals": 0
    },
    {
      "name": "Houssem Aouar11",
      "position": "M",
      "age": 25,
      "height": "5' 9\"",
      "weight": "152 lbs",
      "nationality": "Algeria",
      "appearances": 2,
      "substitutions": 1,
      "goals": 0
    },
    {
      "name": "Adam Ounas12",
      "position": "M",
      "age": 27,
      "height": "5' 8\"",
      "weight": "141 lbs",
      "nationality": "Algeria",
      "appearances": 3,
      "substitutions": 2,
      "goals": 0
    },
    {
      "name": "Hicham Boudaoui14",
      "position": "M",
      "age": 24,
      "height": "5' 9\"",
      "weight": "132 lbs",
      "nationality": "Algeria",
      "appearances": 1,
      "substitutions": 0,
      "goals": 0
    }
  ]
},
{
  "_id": {
    "$oid": "65e81d008f0b2645b87add24"
  },
  "players": [
    {
      "name": "Antonio Dominique1",
      "position": "G",
      "age": 29,
      "height": "6' 1\"",
      "weight": "185 lbs",
      "nationality": "Angola",
      "appearances": 2,
      "substitutions": 1,
      "saves": 4,
      "goals_allowed": 1
    },
    {
      "name": "Kadú12",
      "position": "G",
      "age": 29,
      "height": "6' 3\"",
      "weight": "190 lbs",
      "nationality": "Angola",
      "appearances": 0,
      "substitutions": 0,
      "saves": 0,
      "goals_allowed": 0
    },
    {
      "name": "Neblú22",
      "position": "G",
      "age": 30,
      "height": "6' 0\"",
      "weight": "161 lbs",
      "nationality": "Angola",
      "appearances": 4,
      "substitutions": 0,
      "saves": 8,
      "goals_allowed": 3
    },
    {
      "name": "Gelson24",
      "position": "G",
      "age": 24,
      "height": "6' 0\"",
      "weight": "159 lbs",
      "nationality": "Angola",
      "appearances": 0,
      "substitutions": 0,
      "saves": 0,
      "goals_allowed": 0
    },
    {
      "name": "Núrio Fortuna2",
      "position": "D",
      "age": 28,
      "height": "5' 10\"",
      "weight": "152 lbs",
      "nationality": "Angola",
      "appearances": 2,
      "substitutions": 0,
      "goals": 0,
      "assists": 0
    },
    {
      "name": "Jonathan Buatu3",
      "position": "D",
      "age": 30,
      "height": "6' 2\"",
      "weight": "192 lbs",
      "nationality": "Angola",
      "appearances": 4,
      "substitutions": 0,
      "goals": 0,
      "assists": 0
    }
  ]
},
{
  "_id": {
    "$oid": "65e820058f0b2645b87add26"
  },
  "players": [
    {
      "name": "Hillel Konaté1",
      "position": "G",
      "age": 29,
      "height": "6' 0\"",
      "weight": "170 lbs",
      "nationality": "Burkina Faso",
      "appearances": 0,
      "substitutions": 0,
      "saves": 0,
      "goals_allowed": 0
    },
    {
      "name": "Hervé Koffi16",
      "position": "G",
      "age": 27,
      "height": "6' 1\"",
      "weight": "174 lbs",
      "nationality": "Burkina Faso",
      "appearances": 4,
      "substitutions": 0,
      "saves": 14,
      "goals_allowed": 5
    },
    {
      "name": "Kilian Nikiema23",
      "position": "G",
      "age": 20,
      "height": "6' 2\"",
      "weight": "172 lbs",
      "nationality": "Burkina Faso",
      "appearances": 0,
      "substitutions": 0,
      "saves": 0,
      "goals_allowed": 0
    },
    {
      "name": "Sebastien Tou27",
      "position": "G",
      "age": 19,
      "height": "6' 5\"",
      "weight": "183 lbs",
      "nationality": "Burkina Faso",
      "appearances": "--",
      "substitutions": "--",
      "saves": "--",
      "goals_allowed": "--"
    },
    {
      "name": "Abdoul Guiebre3",
      "position": "D",
      "age": 26,
      "height": "5' 10\"",
      "weight": "152 lbs",
      "nationality": "Burkina Faso",
      "appearances": 1,
      "substitutions": 0,
      "goals": 0,
      "assists": 0
    },
    {
      "name": "Adamo Nagalo4",
      "position": "D",
      "age": 21,
      "height": "6' 1\"",
      "weight": "163 lbs",
      "nationality": "Burkina Faso",
      "appearances": 2,
      "substitutions": 1,
      "goals": 0,
      "assists": 0
    }
  ]
},
{
  "_id": {
    "$oid": "65e820698f0b2645b87add28"
  },
  "players": [
    {
      "name": "Fabrice Ondoa1",
      "position": "G",
      "age": 28,
      "height": "6' 1\"",
      "weight": "192 lbs",
      "nationality": "Cameroon",
      "appearances": 3,
      "substitutions": 0,
      "saves": 8
    },
    {
      "name": "Devis Epassy16",
      "position": "G",
      "age": 31,
      "height": "6' 2\"",
      "weight": "170 lbs",
      "nationality": "Cameroon",
      "appearances": 0,
      "substitutions": 0,
      "saves": 0
    },
    {
      "name": "Simon Ngapandouentnbu23",
      "position": "G",
      "age": 20,
      "height": "6' 1\"",
      "weight": "161 lbs",
      "nationality": "Cameroon",
      "appearances": 0,
      "substitutions": 0,
      "saves": 0
    },
    {
      "name": "André Onana24",
      "position": "G",
      "age": 27,
      "height": "6' 3\"",
      "weight": "203 lbs",
      "nationality": "Cameroon",
      "appearances": 1,
      "substitutions": 0,
      "saves": 0
    },
    {
      "name": "Harold Moukoudi2",
      "position": "D",
      "age": 26,
      "height": "6' 3\"",
      "weight": "212 lbs",
      "nationality": "Cameroon",
      "appearances": 2,
      "substitutions": 1,
      "goals": 0
    },
    {
      "name": "Christopher Wooh4",
      "position": "D",
      "age": 22,
      "height": "6' 3\"",
      "weight": "203 lbs",
      "nationality": "Cameroon",
      "appearances": 4,
      "substitutions": 0,
      "goals": 1
    }
  ]
},
{
  "_id": {
    "$oid": "65e820ec8f0b2645b87add2a"
  },
  "players": [
    {
      "name": "Vozinha1",
      "position": "G",
      "age": 37,
      "height": "6' 2\"",
      "weight": "163 lbs",
      "nationality": "Cape Verde Islands",
      "appearances": 5,
      "substitutions": 0
    },
    {
      "name": "Márcio Rosa12",
      "position": "G",
      "age": 27,
      "height": "6' 1\"",
      "weight": "174 lbs",
      "nationality": "Cape Verde Islands",
      "appearances": 0,
      "substitutions": 0
    },
    {
      "name": "Dylan Silva24",
      "position": "G",
      "age": 25,
      "height": "6' 4\"",
      "weight": "190 lbs",
      "nationality": "Cape Verde Islands",
      "appearances": 0,
      "substitutions": 0
    },
    {
      "name": "Stopira2",
      "position": "D",
      "age": 35,
      "height": "5' 11\"",
      "weight": "163 lbs",
      "nationality": "Cape Verde Islands",
      "appearances": 0,
      "substitutions": 0
    },
    {
      "name": "Diney3",
      "position": "D",
      "age": 29,
      "height": "6' 1\"",
      "weight": "172 lbs",
      "nationality": "Cape Verde Islands",
      "appearances": 1,
      "substitutions": 0
    }
  ]
},
{
  "_id": {
    "$oid": "65e821648f0b2645b87add2c"
  },
  "players": [
    {
      "name": "Lionel M'Pasi1",
      "position": "G",
      "age": 29,
      "height": "6' 0\"",
      "weight": "172 lbs",
      "nationality": "Congo DR",
      "appearances": 6,
      "substitutions": 0
    },
    {
      "name": "Dimitry Bertaud16",
      "position": "G",
      "age": 25,
      "height": "5' 11\"",
      "weight": "185 lbs",
      "nationality": "Congo DR",
      "appearances": 1,
      "substitutions": 0
    },
    {
      "name": "Baggio Siadi21",
      "position": "G",
      "age": 26,
      "height": "5' 11\"",
      "weight": "--",
      "nationality": "Congo DR",
      "appearances": 0,
      "substitutions": 0
    },
    {
      "name": "Henock Inonga Baka2",
      "position": "D",
      "age": 29,
      "height": "5' 11\"",
      "weight": "161 lbs",
      "nationality": "Congo DR",
      "appearances": 5,
      "substitutions": 1
    },
    {
      "name": "Dylan Batubinsika5",
      "position": "D",
      "age": 28,
      "height": "6' 2\"",
      "weight": "174 lbs",
      "nationality": "Congo DR",
      "appearances": 4,
      "substitutions": 1
    }
  ]
}]